{
  "schemaVersion": 1,
  "id": "sysclient",
  "version": "1.20.4",
  "name": "逆天",
  "description": "powerful 2b2t client",
  "authors": [
    "sysedge",
    "许文杰",
    "IRIAE"
  ],
  "accessWidener": "alien.accesswidener",
  "environment": "*",
  "entrypoints": {
    "main": [
      "dev.luminous.Alien"
    ]
  },
  "mixins": [
    "alien.mixins.json"
  ],
  "depends": {
    "fabricloader": ">=0.15.0",
    "minecraft": "1.20.4",
    "java": ">=17"
  },
  "suggests": {
    "another-mod": "*"
  }
}
